user_id;comment;platform
1;The Mi Band 9 is amazing, I love using all its features.;Twitter
2;I can't believe how good the battery is, it lasts a long time.;Instagram
3;This device is a marvel, I highly recommend it.;Facebook
4;I don't find major differences with the Mi Band 8, but it's still excellent.;Twitter
5;The design is beautiful and the screen is very clear, perfect for my daily routine.;Instagram
6;The connectivity is fast and problem-free, really impressive.;Facebook
7;I love the sleep monitoring, it has helped me improve my rest.;Twitter
8;The usability is the best part of this device, I wouldn't trade it for anything.;Instagram
9;It works great with my phone, super easy to sync.;Facebook
10;It doesn't have major differences from the Mi Band 8, but I still like it.;Twitter
11;The battery life is incredible, it lasts more than a week.;Instagram
12;It's light and comfortable to wear, I don't even feel it on my wrist.;Facebook
13;I'm impressed with how well it works, I recommend it.;Twitter
14;I can't complain, it has been an excellent purchase.;Instagram
15;The best part is the exercise monitoring, really useful.;Facebook
16;It's the perfect gadget for active people, I have no regrets.;Twitter
17;It's the best smartband I've ever had, very satisfied.;Instagram
18;I love that it's water-resistant, perfect for swimming.;Facebook
19;I can't believe how accurate it is for measuring my workouts.;Twitter
20;The price-to-quality ratio is excellent, I couldn't ask for more.;Instagram
21;I love the minimalist and functional design.;Facebook
22;It's very comfortable to wear all day.;Twitter
23;An excellent purchase, I'm very happy with the Mi Band 9.;Instagram
24;It's very easy to use and understand, an excellent smartband.;Facebook
25;It seems very useful for measuring my athletic performance.;Twitter
26;The battery lasts a long time and the design is very nice.;Instagram
27;It's perfect for the gym, monitors everything I need.;Facebook
28;The connectivity with the phone is very fast and simple.;Twitter
29;It works very well, meets all my expectations.;Instagram
30;There's not much to say, it's an excellent device.;Facebook
31;I couldn't be happier with my purchase, 100% recommended.;Twitter
32;The screen is very clear, even under sunlight.;Instagram
33;The best part is that it's very light and comfortable to wear all day.;Facebook
34;It's perfect for everyday use, the battery lasts a long time.;Twitter
35;It's really worth every penny, I couldn't be happier.;Instagram
36;I love it for exercising, it's very accurate.;Facebook
37;The design is the best part, modern and functional.;Twitter
38;It's incredible, I use it every day and I have no complaints.;Instagram
39;The battery is impressive, I don't have to charge it for days.;Facebook
40;I love that it's water-resistant, very practical.;Twitter
41;I like it, but the Mi Band 8 was practically the same.;Instagram
42;The sleep monitoring is very useful, but I don't see major changes from the previous version.;Facebook
43;The quality is good, but I expected something more innovative.;Twitter
44;It's a good device, though it doesn't surprise.;Instagram
45;It works well, but it doesn't seem better than the Mi Band 8.;Facebook
46;It's not bad, but I expected something more advanced.;Twitter
47;It's a good band, but not much better than the previous one.;Instagram
48;It works well, but I wasn't impressed.;Facebook
49;It meets its function, but it's not revolutionary.;Twitter
50;I like it, but it's almost the same as the Mi Band 8.;Instagram
51;I don't see major changes compared to the Mi Band 8, but it's still good.;Facebook
52;It's good, but I expected more for the price.;Twitter
53;It meets the basics, but it's not surprising.;Instagram
54;It's not bad, but not spectacular.;Facebook
55;It works well, but I don't see major changes compared to the previous.;Twitter
56;It's okay, but it's not as innovative as I expected.;Instagram
57;It's not a big deal, but it meets its function.;Facebook
58;The battery lasts, but I don't see many improvements compared to the Mi Band 8.;Twitter
59;It's almost the same as the previous version, but it works.;Instagram
60;I wasn't very impressed, I expected more.;Facebook
61;It's a good device, but nothing out of the ordinary.;Twitter
62;The design is nice, but the functionality is the same as before.;Instagram
63;It seems like the Mi Band 8, but it works.;Facebook
64;It's practically the same as the previous one, but still useful.;Twitter
65;They haven't innovated much compared to the Mi Band 8.;Instagram
66;I don't see major improvements, but it works well.;Facebook
67;It's the same as always, nothing new.;Twitter
68;It's the same as the Mi Band 8, I don't see the change.;Instagram
69;I don't notice differences with the previous version, disappointing.;Facebook
70;It's a piece of junk, I don't see anything new compared to the Mi Band 8.;Twitter
71;This is a rip-off, it's practically the same as the previous version.;Instagram
72;It seems Xiaomi ran out of ideas, it's a copy of the Mi Band 8.;Facebook
73;It's a piece of crap, nothing new, don't buy it.;Twitter
74;It's trash, just like the previous version.;Instagram
75;I feel ripped off, it's not worth buying.;Facebook
76;It's a cheap copy of the Mi Band 8, I don't recommend it.;Twitter
77;Xiaomi should stop making the same thing with a different name, it's a piece of junk.;Instagram
78;It's as ugly and basic as the Mi Band 8, what a disappointment.;Facebook
79;What a waste of money, it's useless.;Twitter
80;I can't believe I spent money on this, it's the same.;Instagram
81;It's a piece of junk, no innovation.;Facebook
82;They should stop selling this junk, it's not worth it.;Twitter
83;Xiaomi is selling the same thing again, it's a scam.;Instagram
84;I don't like it at all, it's like a bad joke.;Facebook
85;It has nothing new, it's the same as the previous.;Twitter
86;I don't understand how they keep selling this junk.;Instagram
87;It's the same as the Mi Band 8, only more expensive.;Facebook
88;I feel cheated, it doesn't bring anything new.;Twitter
89;It has no innovation, it's the same garbage.;Instagram
90;It's not worth the price, it's the same as the Mi Band 8.;Facebook
91;It's a joke, no differences with the previous.;Twitter
92;It's a scam, the same thing again.;Instagram
93;It's a piece of crap product, don't buy it.;Facebook
94;Xiaomi is not innovating at all, this is trash.;Twitter
95;What a disgusting product, it's the same as the Mi Band 8.;Instagram
96;I feel ripped off, there's nothing new.;Facebook
97;It doesn't bring any innovation, it's the same again.;Twitter
98;Xiaomi ran out of ideas, this is crap.;Instagram
99;It's not worth anything, it's the same as the previous version.;Facebook
100;It's a total disappointment, no innovation at all.;Twitter
101;It's a bad joke, doesn't bring anything new.;Instagram
102;The design is nice, but the functionality is identical.;Facebook
103;It's practically the same as the previous version, but still useful.;Twitter
104;They haven't innovated much compared to the Mi Band 8.;Instagram
105;I don't see major improvements, but it works well.;Facebook
106;It's the same as always, nothing new.;Twitter
107;It's the same as the Mi Band 8, I don't see the change.;Instagram
108;I don't notice differences with the previous version, disappointing.;Facebook
109;It's a piece of junk, I don't see anything new compared to the Mi Band 8.;Twitter
110;This is a rip-off, it's practically the same as the previous version.;Instagram
111;It seems Xiaomi ran out of ideas, it's a copy of the Mi Band 8.;Facebook
112;It's a piece of crap, nothing new, don't buy it.;Twitter
113;It's trash, just like the previous version.;Instagram
114;I feel ripped off, it's not worth buying.;Facebook
115;It's a cheap copy of the Mi Band 8, I don't recommend it.;Twitter
116;Xiaomi should stop making the same thing with a different name, it's a piece of junk.;Instagram
117;It's as ugly and basic as the Mi Band 8, what a disappointment.;Facebook
118;What a waste of money, it's useless.;Twitter
119;I can't believe I spent money on this, it's the same.;Instagram
120;It's a piece of junk, no innovation.;Facebook
121;They should stop selling this junk, it's not worth it.;Twitter
122;Xiaomi is selling the same thing again, it's a scam.;Instagram
123;I don't like it at all, it's like a bad joke.;Facebook
124;It has nothing new, it's the same as the previous.;Twitter
125;I don't understand how they keep selling this junk.;Instagram
126;It's the same as the Mi Band 8, only more expensive.;Facebook
127;I feel cheated, it doesn't bring anything new.;Twitter
128;It has no innovation, it's the same garbage.;Instagram
129;It's not worth the price, it's the same as the Mi Band 8.;Facebook
130;It's a joke, no differences with the previous.;Twitter
131;It's a scam, the same thing again.;Instagram
132;It's a piece of crap product, don't buy it.;Facebook
133;Xiaomi is not innovating at all, this is trash.;Twitter
134;What a disgusting product, it's the same as the Mi Band 8.;Instagram
135;I feel ripped off, there's nothing new.;Facebook
136;It doesn't bring any innovation, it's the same again.;Twitter
137;Xiaomi ran out of ideas, this is crap.;Instagram
138;It's not worth anything, it's the same as the previous version.;Facebook
139;It's a total disappointment, no innovation at all.;Twitter
140;It's a bad joke, doesn't bring anything new.;Instagram
141;The design is nice, but the functionality is identical.;Facebook
142;It's practically the same as the previous version, but still useful.;Twitter
143;They haven't innovated much compared to the Mi Band 8.;Instagram
144;I don't see major improvements, but it works well.;Facebook
145;It's the same as always, nothing new.;Twitter
146;It's the same as the Mi Band 8, I don't see the change.;Instagram
147;I don't notice differences with the previous version, disappointing.;Facebook
148;It's a piece of junk, I don't see anything new compared to the Mi Band 8.;Twitter
149;This is a rip-off, it's practically the same as the previous version.;Instagram
150;It seems Xiaomi ran out of ideas, it's a copy of the Mi Band 8.;Facebook
